problem,parameter,value,fitnessMean,fitnessStd,timeMean,timeStd,convergenceGenMean,totalGenerationsMean
SubsetSum,chromosomSize,10,0.5,0.0,0.042328109999994014,0.0006175756510983309,0,41
SubsetSum,chromosomSize,20,1.0,0.0,0.05697021000000859,0.002312054337374975,1.6,42.6
SubsetSum,chromosomSize,40,1.0,0.0,0.08264892000004238,0.004185377548532528,1.3,42.3
SubsetSum,chromosomSize,60,1.0,0.0,0.10605147000005673,0.0026187684593959436,0.8,41.8
SubsetSum,populationSize,30,1.0,0.0,0.01468719000006331,0.0011280292978906932,3.9,44.9
SubsetSum,populationSize,100,1.0,0.0,0.04487021000002187,0.0020789383673277275,1.4,42.4
SubsetSum,populationSize,300,1.0,0.0,0.13689563999994334,0.004708455042817481,0,41
SubsetSum,populationSize,600,1.0,0.0,0.2822728500000039,0.0109231162135195,0,41
SubsetSum,initMethod,random,1.0,0.0,0.06861689000002116,0.0029030924110306903,0.9,41.9
SubsetSum,initMethod,heuristic,1.0,0.0,0.07745118999994247,0.01093620870800679,0,41
SubsetSum,selectionType,roulette,1.0,0.0,0.19541153000000122,0.019097769327355477,0.6,41.6
SubsetSum,selectionType,ranking,1.0,0.0,0.2789686099999926,0.028536609899628054,0.6,41.6
SubsetSum,selectionType,tournament,1.0,0.0,0.06725793000000521,0.002635632465657887,1.3,42.3
SubsetSum,tournamentSize,2,1.0,0.0,0.06461647000003268,0.003417822416945492,1.2,42.2
SubsetSum,tournamentSize,5,1.0,0.0,0.07032325999996374,0.0021366791636967353,0.6,41.6
SubsetSum,tournamentSize,10,1.0,0.0,0.08372637000002214,0.0050012170506633724,1,42
SubsetSum,tournamentSize,20,1.0,0.0,0.11001790000000256,0.009665935793760714,0.5,41.5
SubsetSum,crossoverProb,0.5,1.0,0.0,0.07709019999999782,0.006093745980984723,0.8,41.8
SubsetSum,crossoverProb,0.7,1.0,0.0,0.07216507000000547,0.00480633891443494,0.8,41.8
SubsetSum,crossoverProb,0.9,1.0,0.0,0.06290153000002192,0.0014549113355342147,0.3,41.3
SubsetSum,crossoverType,onePoint,1.0,0.0,0.075833230000012,0.007224216604102511,0.7,41.7
SubsetSum,crossoverType,twoPoint,1.0,0.0,0.08795614999996815,0.010630884180161441,1,42
SubsetSum,crossoverType,uniform,1.0,0.0,0.0824316700000054,0.012064850695330014,0.8,41.8
SubsetSum,mutationProb,0.01,1.0,0.0,0.0765043900000137,0.007288874138423329,1,42
SubsetSum,mutationProb,0.05,1.0,0.0,0.07443381000002773,0.004290543507158643,0.8,41.8
SubsetSum,mutationProb,0.1,1.0,0.0,0.07035163000000466,0.0032049422571868193,0.7,41.7
SubsetSum,mutationProb,0.2,1.0,0.0,0.07204166999997597,0.0071855162185277075,0.7,41.7
SubsetSum,mutationType,bitFlip,1.0,0.0,0.07336758999999801,0.005402559600149464,0.9,41.9
SubsetSum,mutationType,swap,1.0,0.0,0.06979326999999103,0.0017704500936742108,0.5,41.5
SubsetSum,elitismNum,1,1.0,0.0,0.06688306000000921,0.001994818526152762,1,42
SubsetSum,elitismNum,5,1.0,0.0,0.06700866999999562,0.0026533559640613807,0.8,41.8
SubsetSum,elitismNum,10,1.0,0.0,0.0667652500000031,0.0021768823933952927,0.4,41.4
SubsetSum,elitismNum,20,1.0,0.0,0.06612201000000369,0.0012676317489462051,0.6,41.6
SubsetSum,generations,50,1.0,0.0,0.06628209000002698,0.002495014953603982,0.8,41.8
SubsetSum,generations,150,1.0,0.0,0.06633292000003621,0.0015532477649920931,0.5,41.5
SubsetSum,generations,300,1.0,0.0,0.06559072000000014,0.0017564256316880997,0.6,41.6
SubsetSum,generations,600,1.0,0.0,0.06720259000005627,0.0021303361370669342,1.4,42.4
SubsetSum,patience,10,1.0,0.0,0.0190648599999804,0.0021220752649993156,0.9,11.9
SubsetSum,patience,40,1.0,0.0,0.06541144000002533,0.001711869605534473,0.7,41.7
SubsetSum,patience,100,1.0,0.0,0.16096358000002056,0.0039326951519289746,1.1,102.1
SubsetSum,patience,200,1.0,0.0,0.3177467299999989,0.0038307691940633985,0.6,201.6
Partition,chromosomSize,10,1.0,0.0,0.042067970000039166,0.0009151989030198683,0.5,41.5
Partition,chromosomSize,20,1.0,0.0,0.056445299999950294,0.0012443029438199077,0.7,41.7
Partition,chromosomSize,40,0.5,0.0,0.0883349100000487,0.0012126519561936988,0.5,41.5
Partition,chromosomSize,60,1.0,0.0,0.11818811000002824,0.0026808969329370426,1.4,42.4
Partition,populationSize,30,1.0,0.0,0.016542039999967527,0.0028990899879576732,6.8,47.8
Partition,populationSize,100,1.0,0.0,0.04712816999997358,0.0014102865978461666,1.4,42.4
Partition,populationSize,300,1.0,0.0,0.1410012800000004,0.002091411236379919,0.1,41.1
Partition,populationSize,600,1.0,0.0,0.2829890499999692,0.00403328299011336,0.1,41.1
Partition,initMethod,random,1.0,0.0,0.07014877999999954,0.0016931393149313613,1.6,42.6
Partition,initMethod,heuristic,1.0,0.0,0.06795001000000411,0.0011058273259565538,0,41
Partition,selectionType,roulette,1.0,0.0,0.17033633000003193,0.0047881278427065405,0.9,41.9
Partition,selectionType,ranking,1.0,0.0,0.2618048700000372,0.006796861555458704,0.4,41.4
Partition,selectionType,tournament,1.0,0.0,0.06882642000000487,0.0013405885236403249,0.8,41.8
Partition,tournamentSize,2,1.0,0.0,0.06706871000003503,0.00244536626274048,0.7,41.7
Partition,tournamentSize,5,1.0,0.0,0.07304264000001695,0.001677659628257502,0.6,41.6
Partition,tournamentSize,10,1.0,0.0,0.08229236000004221,0.0014216728317188196,0.5,41.5
Partition,tournamentSize,20,1.0,0.0,0.10186168000002453,0.0019166287390741795,0.6,41.6
Partition,crossoverProb,0.5,1.0,0.0,0.07328645000000052,0.001590849004915673,0.8,41.8
Partition,crossoverProb,0.7,1.0,0.0,0.06740993999997044,0.0011209100072828602,0.2,41.2
Partition,crossoverProb,0.9,1.0,0.0,0.06413642000002255,0.0015225405930830306,1.1,42.1
Partition,crossoverType,onePoint,1.0,0.0,0.0701112499999681,0.00372790979991761,1.9,42.9
Partition,crossoverType,twoPoint,1.0,0.0,0.07931003000001055,0.0016272133388127482,0.7,41.7
Partition,crossoverType,uniform,1.0,0.0,0.0764297999999826,0.002524812821606827,0.7,41.7
Partition,mutationProb,0.01,1.0,0.0,0.06889527000007548,0.001240733990048123,0.7,41.7
Partition,mutationProb,0.05,1.0,0.0,0.06937856999995802,0.002193833831486525,0.7,41.7
Partition,mutationProb,0.1,1.0,0.0,0.06986571999998432,0.0018143015817627753,0.8,41.8
Partition,mutationProb,0.2,1.0,0.0,0.06976507000001675,0.0032378681115915655,0.3,41.3
Partition,mutationType,bitFlip,1.0,0.0,0.07024086999997507,0.0027089645553199752,1.2,42.2
Partition,mutationType,swap,1.0,0.0,0.07091990000003534,0.0022867133690010746,0.9,41.9
Partition,elitismNum,1,1.0,0.0,0.06785879000001387,0.0012138215432851878,0.5,41.5
Partition,elitismNum,5,1.0,0.0,0.06814492999999403,0.001777944403531489,0.4,41.4
Partition,elitismNum,10,1.0,0.0,0.06918574000003445,0.00219680524178783,1,42
Partition,elitismNum,20,1.0,0.0,0.06914465999998357,0.0019459548747247659,0.8,41.8
Partition,generations,50,1.0,0.0,0.06919683999999507,0.00358305444369191,0.2,41.2
Partition,generations,150,1.0,0.0,0.07021652999997059,0.005448113185142995,2,43
Partition,generations,300,1.0,0.0,0.06997523000004549,0.0027938316746046743,1.2,42.2
Partition,generations,600,1.0,0.0,0.06877316000004612,0.001744685782166983,0.6,41.6
Partition,patience,10,1.0,0.0,0.020853940000006333,0.0020805301541926323,1.4,12.4
Partition,patience,40,1.0,0.0,0.06793897000004563,0.001528478578865714,0.6,41.6
Partition,patience,100,1.0,0.0,0.16604827000001024,0.002081617346707828,0.6,101.6
Partition,patience,200,1.0,0.0,0.3466343299999835,0.022474994080570045,0.6,201.6
BinPacking,chromosomSize,10,1.3333333333333333,0.0,0.08187413000000561,0.014088277468970446,11.4,52.4
BinPacking,chromosomSize,20,1.1428571428571428,0.0,0.1437339999999722,0.0215546708118743,28.3,69.3
BinPacking,chromosomSize,40,1.0595588235294118,0.0014705882352941124,0.28049495999998725,0.05715475810616901,47.3,88.3
BinPacking,chromosomSize,60,1.0356440430578362,0.0014072622855209208,0.5263751500000126,0.12551042430770415,72.3,113.3
BinPacking,populationSize,30,1.0695970695970696,0.003316990893090617,0.042658710000023345,0.007998662730641396,32.5,73.5
BinPacking,populationSize,100,1.072124542124542,0.003620448780384214,0.1273441999999932,0.01917821354608916,32,73
BinPacking,populationSize,300,1.073076923076923,0.0025178987334922107,0.4625086100000317,0.0859113540107243,42.8,83.8
BinPacking,populationSize,600,1.0726007326007325,0.0031544395811884114,0.917783840000061,0.15533875648778706,37.2,78.2
BinPacking,initMethod,random,1.072051282051282,0.0028138449321770793,0.20420989000001555,0.04101566325172218,33.3,74.3
BinPacking,initMethod,heuristic,1.0833333333333333,0.0,0.10023540999995931,0.002309400560066769,0,41
BinPacking,selectionType,roulette,1.0697298534798534,0.004493830105447274,0.425360019999971,0.12832575644637317,39.8,80.8
BinPacking,selectionType,ranking,1.072051282051282,0.0028138449321770793,0.7741448500000387,0.14636923371398225,58.7,99.7
BinPacking,selectionType,tournament,1.0752747252747252,0.0025178987334922107,0.2254752299999609,0.03812072886139124,45.5,86.5
BinPacking,tournamentSize,2,1.0711721611721612,0.004249873616207113,0.2350497900000164,0.04585108034537993,48.5,89.5
BinPacking,tournamentSize,5,1.0763736263736263,0.0016483516483516425,0.1780514999999923,0.02306558041838154,25,66
BinPacking,tournamentSize,10,1.0764652014652014,0.003152365289021693,0.19206007000004774,0.051797450323671994,23.1,64.1
BinPacking,tournamentSize,20,1.0758241758241758,0.00219780219780219,0.1974086599999964,0.026107638130091846,17.3,58.3
BinPacking,crossoverProb,0.5,1.073076923076923,0.0025178987334922107,0.209394199999997,0.03887632591457313,36.5,77.5
BinPacking,crossoverProb,0.7,1.0726007326007325,0.0031544395811884114,0.21564918999999919,0.05375534602529439,39.7,80.7
BinPacking,crossoverProb,0.9,1.0759157509157509,0.003485872950672933,0.2471738599999526,0.07161972785070574,50.1,91.1
BinPacking,crossoverType,onePoint,1.0742673992673992,0.0038949029886697186,0.21647865999996158,0.03663811697215597,41.9,82.9
BinPacking,crossoverType,twoPoint,1.073150183150183,0.00337334596918469,0.2268973599999981,0.046698129592065006,38.4,79.4
BinPacking,crossoverType,uniform,1.072051282051282,0.0028138449321770793,0.2277336600000126,0.037413302482534036,40.8,81.8
BinPacking,mutationProb,0.01,1.0726007326007325,0.0031544395811884114,0.18394067999997787,0.05450988616336722,34.2,75.2
BinPacking,mutationProb,0.05,1.0736263736263736,0.002691746970091395,0.19939365999996425,0.020866467204941206,37.3,78.3
BinPacking,mutationProb,0.1,1.0665613553113553,0.004870729678504841,0.18836082000004808,0.05166181875465223,28.9,69.9
BinPacking,mutationProb,0.2,1.0638585434173669,0.0033091032591137442,0.21433136000002834,0.05494305471999359,35.2,76.2
BinPacking,mutationType,bitFlip,1.0741758241758241,0.0027472527472527375,0.21902939000001426,0.04023948352468338,43.9,84.9
BinPacking,mutationType,swap,1.0737179487179487,0.0038689798853988157,0.2015892799999847,0.05356911685839032,36.8,77.8
BinPacking,elitismNum,1,1.0725274725274725,0.00219780219780219,0.23910760999997366,0.06756665339091912,53,94
BinPacking,elitismNum,5,1.075989010989011,0.004095731162202374,0.19915955999999824,0.01758827974651307,37.2,78.2
BinPacking,elitismNum,10,1.073150183150183,0.00337334596918469,0.17604702999999516,0.02305019376911729,28.3,69.3
BinPacking,elitismNum,20,1.0747252747252747,0.002691746970091395,0.186009319999971,0.025399445486980643,32.2,73.2
BinPacking,generations,50,1.073076923076923,0.0025178987334922107,0.13066953000000012,0.007564155058449215,32.5,50
BinPacking,generations,150,1.072124542124542,0.003620448780384214,0.20824755999997252,0.038462526369365625,39.6,80.6
BinPacking,generations,300,1.0726739926739925,0.0038807099305931078,0.1998482200000126,0.05396682646991151,34.6,75.6
BinPacking,generations,600,1.0725274725274725,0.00219780219780219,0.1722128800000519,0.027576739749221063,25.8,66.8
BinPacking,patience,10,1.0656932773109244,0.004650851198719569,0.06987664999996923,0.021325030892382465,16,27
BinPacking,patience,40,1.0747252747252747,0.002691746970091395,0.21319943999999397,0.03185656107197315,42.9,83.9
BinPacking,patience,100,1.0741758241758241,0.0027472527472527375,0.3722181499999806,0.0599787344134753,47.3,148.3
BinPacking,patience,200,1.0764652014652014,0.003152365289021693,0.6769595500000378,0.10020549795133715,93.4,260.5
Knapsack,chromosomSize,10,356,0.0,0.07763966999996227,0.008339418108074278,1.7,42.7
Knapsack,chromosomSize,20,1458,0.0,0.11805001999998695,0.008978784288108863,6.2,47.2
Knapsack,chromosomSize,40,2144.3,3.661966684720111,0.27287440000002333,0.04326761902093353,34.8,75.8
Knapsack,chromosomSize,60,3001,8.854377448471462,0.5790345399999979,0.14951814648644166,79.5,120.5
Knapsack,populationSize,30,1586,0.0,0.03589202999996814,0.004197502074140981,19.8,60.8
Knapsack,populationSize,100,1586,0.0,0.10815179000001081,0.00374237582468906,15.3,56.3
Knapsack,populationSize,300,1586,0.0,0.31262159999998856,0.01424258479261698,12.1,53.1
Knapsack,populationSize,600,1586,0.0,0.6191337099999827,0.0239030257587997,11.5,52.5
Knapsack,initMethod,random,1586,0.0,0.15596934999998666,0.007143392778814532,13.1,54.1
Knapsack,initMethod,heuristic,1586,0.0,0.11913511999998719,0.001115958122628415,0,41
Knapsack,selectionType,roulette,1581.9,8.203048213926333,0.5061668100000588,0.12581418296322452,58.7,99.7
Knapsack,selectionType,ranking,1586,0.0,0.4727707200000168,0.056694717089987516,20.7,61.7
Knapsack,selectionType,tournament,1586,0.0,0.1572053399999504,0.007338332836993199,11.8,52.8
Knapsack,tournamentSize,2,1586,0.0,0.17651885000002493,0.017757101388931683,21.7,62.7
Knapsack,tournamentSize,5,1586,0.0,0.15547834000001332,0.004748638851766717,9.3,50.3
Knapsack,tournamentSize,10,1586,0.0,0.16345383999996557,0.003537499758379065,7.6,48.6
Knapsack,tournamentSize,20,1586,0.0,0.18121544999996786,0.004711352466410921,6.1,47.1
Knapsack,crossoverProb,0.5,1586,0.0,0.170391410000002,0.010721239051117342,15.1,56.1
Knapsack,crossoverProb,0.7,1586,0.0,0.15796619000002465,0.006491936207116768,13.6,54.6
Knapsack,crossoverProb,0.9,1586,0.0,0.14487578999992365,0.009935150574941492,10.8,51.8
Knapsack,crossoverType,onePoint,1586,0.0,0.15698941000002833,0.007196227379075019,13.3,54.3
Knapsack,crossoverType,twoPoint,1586,0.0,0.16557107000000998,0.006098877857453924,12.5,53.5
Knapsack,crossoverType,uniform,1586,0.0,0.15418239999994512,0.0068748029802883385,10,51
Knapsack,mutationProb,0.01,1586,0.0,0.15591491999998652,0.007111053811056251,10.4,51.4
Knapsack,mutationProb,0.05,1586,0.0,0.16005028000004132,0.010852325305095454,13.5,54.5
Knapsack,mutationProb,0.1,1582.3,7.430343195303969,0.20690127000002576,0.054237543103621215,32.5,73.5
Knapsack,mutationProb,0.2,1522.1,26.602443496791793,0.21045176000006904,0.06693810192801164,40.3,81.3
Knapsack,mutationType,bitFlip,1586,0.0,0.15957395999996607,0.00982656788283567,14.2,55.2
Knapsack,mutationType,swap,1586,0.0,0.15830223999998908,0.004489977966396407,10.5,51.5
Knapsack,elitismNum,1,1586,0.0,0.16251077000001715,0.007651778609321625,14.9,55.9
Knapsack,elitismNum,5,1586,0.0,0.15687650999998368,0.009021502782029596,13,54
Knapsack,elitismNum,10,1586,0.0,0.15268018000001576,0.0021857374969647906,11.7,52.7
Knapsack,elitismNum,20,1586,0.0,0.15752280999997764,0.0041039303701215085,12.8,53.8
Knapsack,generations,50,1586,0.0,0.14399532000002183,0.0031617190845783637,12.2,49.7
Knapsack,generations,150,1586,0.0,0.1567578899999944,0.009339618369383598,13.4,54.4
Knapsack,generations,300,1586,0.0,0.16227784000000156,0.00978000162021033,13.9,54.9
Knapsack,generations,600,1586,0.0,0.16100168000000395,0.009793178823257961,13.8,54.8
Knapsack,patience,10,1586,0.0,0.06834108999992168,0.009489331689883368,13.1,24.1
Knapsack,patience,40,1586,0.0,0.15540070000001832,0.005327036267745368,12.2,53.2
Knapsack,patience,100,1586,0.0,0.33849124000005304,0.008568756358644158,13.6,114.6
Knapsack,patience,200,1586,0.0,0.6326781999999866,0.006030614658367585,14,215
